-- MySQL dump 10.13  Distrib 8.0.35, for Linux (x86_64)
--
-- Host: localhost    Database: freshplast
-- ------------------------------------------------------
-- Server version	8.0.35-0ubuntu0.22.04.1

/*!40101 SET @OLD_CHARACTER_SET_CLIENT=@@CHARACTER_SET_CLIENT */;
/*!40101 SET @OLD_CHARACTER_SET_RESULTS=@@CHARACTER_SET_RESULTS */;
/*!40101 SET @OLD_COLLATION_CONNECTION=@@COLLATION_CONNECTION */;
/*!50503 SET NAMES utf8mb4 */;
/*!40103 SET @OLD_TIME_ZONE=@@TIME_ZONE */;
/*!40103 SET TIME_ZONE='+00:00' */;
/*!40014 SET @OLD_UNIQUE_CHECKS=@@UNIQUE_CHECKS, UNIQUE_CHECKS=0 */;
/*!40014 SET @OLD_FOREIGN_KEY_CHECKS=@@FOREIGN_KEY_CHECKS, FOREIGN_KEY_CHECKS=0 */;
/*!40101 SET @OLD_SQL_MODE=@@SQL_MODE, SQL_MODE='NO_AUTO_VALUE_ON_ZERO' */;
/*!40111 SET @OLD_SQL_NOTES=@@SQL_NOTES, SQL_NOTES=0 */;

--
-- Table structure for table `cajas`
--

DROP TABLE IF EXISTS `cajas`;
/*!40101 SET @saved_cs_client     = @@character_set_client */;
/*!50503 SET character_set_client = utf8mb4 */;
CREATE TABLE `cajas` (
  `id` int NOT NULL AUTO_INCREMENT,
  `nombre` text COLLATE utf8mb4_general_ci NOT NULL,
  PRIMARY KEY (`id`)
) ENGINE=InnoDB AUTO_INCREMENT=3 DEFAULT CHARSET=utf8mb4 COLLATE=utf8mb4_general_ci;
/*!40101 SET character_set_client = @saved_cs_client */;

--
-- Dumping data for table `cajas`
--

LOCK TABLES `cajas` WRITE;
/*!40000 ALTER TABLE `cajas` DISABLE KEYS */;
INSERT INTO `cajas` VALUES (1,'CAJA A'),(2,'CAJA B');
/*!40000 ALTER TABLE `cajas` ENABLE KEYS */;
UNLOCK TABLES;

--
-- Table structure for table `clientes`
--

DROP TABLE IF EXISTS `clientes`;
/*!40101 SET @saved_cs_client     = @@character_set_client */;
/*!50503 SET character_set_client = utf8mb4 */;
CREATE TABLE `clientes` (
  `id` int NOT NULL AUTO_INCREMENT,
  `razonsocial` text COLLATE utf8mb4_general_ci NOT NULL,
  PRIMARY KEY (`id`)
) ENGINE=InnoDB AUTO_INCREMENT=32 DEFAULT CHARSET=utf8mb4 COLLATE=utf8mb4_general_ci;
/*!40101 SET character_set_client = @saved_cs_client */;

--
-- Dumping data for table `clientes`
--

LOCK TABLES `clientes` WRITE;
/*!40000 ALTER TABLE `clientes` DISABLE KEYS */;
INSERT INTO `clientes` VALUES (1,'Salta PLast'),(2,'Polibol'),(3,'Papelera del Mar'),(4,'Polipack'),(5,'Packing Express'),(6,'Papelera Papelmar'),(7,'Polyfilm'),(8,'Papelera Barchiesi'),(9,'Hornal'),(10,'Papelera Envamax'),(11,'Anapel'),(12,'Lom Packaging'),(13,'Plasticos Libertad'),(14,'Distribuidora Walter'),(15,'Gampack'),(16,'Christian Cuevas'),(17,'Neopel'),(18,'Jorge (Extra Film)'),(19,'Luis Nardelli'),(20,'PRUEBA NICOLLAS'),(21,'Claudio Maseda'),(22,'Plupack Embalajes'),(23,'Marcelo Kopec'),(24,'Papel West'),(25,'Plastimac'),(26,'Grupo Navidad'),(27,'Papelera Universal '),(28,'Dypack '),(29,'Papelera Italplast'),(30,'Mercoplast'),(31,'Papelera Salta');
/*!40000 ALTER TABLE `clientes` ENABLE KEYS */;
UNLOCK TABLES;

--
-- Table structure for table `ctacte_proveedores`
--

DROP TABLE IF EXISTS `ctacte_proveedores`;
/*!40101 SET @saved_cs_client     = @@character_set_client */;
/*!50503 SET character_set_client = utf8mb4 */;
CREATE TABLE `ctacte_proveedores` (
  `id` int NOT NULL AUTO_INCREMENT,
  `tipomovimiento` int NOT NULL,
  `caja` int NOT NULL,
  `cuenta` int NOT NULL,
  `proveedor` int NOT NULL,
  `importe` int NOT NULL,
  `fecha` datetime NOT NULL,
  PRIMARY KEY (`id`)
) ENGINE=InnoDB AUTO_INCREMENT=27 DEFAULT CHARSET=utf8mb4 COLLATE=utf8mb4_general_ci;
/*!40101 SET character_set_client = @saved_cs_client */;

--
-- Dumping data for table `ctacte_proveedores`
--

LOCK TABLES `ctacte_proveedores` WRITE;
/*!40000 ALTER TABLE `ctacte_proveedores` DISABLE KEYS */;
/*!40000 ALTER TABLE `ctacte_proveedores` ENABLE KEYS */;
UNLOCK TABLES;

--
-- Table structure for table `cuentas`
--

DROP TABLE IF EXISTS `cuentas`;
/*!40101 SET @saved_cs_client     = @@character_set_client */;
/*!50503 SET character_set_client = utf8mb4 */;
CREATE TABLE `cuentas` (
  `id` int NOT NULL AUTO_INCREMENT,
  `nombre` text COLLATE utf8mb4_general_ci NOT NULL,
  `numero` int NOT NULL,
  PRIMARY KEY (`id`)
) ENGINE=InnoDB AUTO_INCREMENT=5 DEFAULT CHARSET=utf8mb4 COLLATE=utf8mb4_general_ci;
/*!40101 SET character_set_client = @saved_cs_client */;

--
-- Dumping data for table `cuentas`
--

LOCK TABLES `cuentas` WRITE;
/*!40000 ALTER TABLE `cuentas` DISABLE KEYS */;
INSERT INTO `cuentas` VALUES (2,'Galicia CC',3601),(3,'Supervielle CC',4133),(4,'Provincia CC',6552);
/*!40000 ALTER TABLE `cuentas` ENABLE KEYS */;
UNLOCK TABLES;

--
-- Table structure for table `estados`
--

DROP TABLE IF EXISTS `estados`;
/*!40101 SET @saved_cs_client     = @@character_set_client */;
/*!50503 SET character_set_client = utf8mb4 */;
CREATE TABLE `estados` (
  `estado` int NOT NULL AUTO_INCREMENT,
  `descripcion` text COLLATE utf8mb4_general_ci NOT NULL,
  PRIMARY KEY (`estado`)
) ENGINE=InnoDB AUTO_INCREMENT=100 DEFAULT CHARSET=utf8mb4 COLLATE=utf8mb4_general_ci;
/*!40101 SET character_set_client = @saved_cs_client */;

--
-- Dumping data for table `estados`
--

LOCK TABLES `estados` WRITE;
/*!40000 ALTER TABLE `estados` DISABLE KEYS */;
INSERT INTO `estados` VALUES (-1,'ELIMINADO'),(1,'PRODUCCION'),(2,'ESTACIONADO'),(3,'ENBALAJE'),(4,'EXPEDICION'),(5,'FACTURADO'),(6,'REVISADO'),(98,'SALIDA DE STOCK POR EXPEDICION'),(99,'ENTRADA POR PRODUCCION');
/*!40000 ALTER TABLE `estados` ENABLE KEYS */;
UNLOCK TABLES;

--
-- Table structure for table `insumos`
--

DROP TABLE IF EXISTS `insumos`;
/*!40101 SET @saved_cs_client     = @@character_set_client */;
/*!50503 SET character_set_client = utf8mb4 */;
CREATE TABLE `insumos` (
  `id` int NOT NULL AUTO_INCREMENT,
  `nombre` text COLLATE utf8mb4_general_ci NOT NULL,
  `descripcion` text COLLATE utf8mb4_general_ci NOT NULL,
  `baja` int NOT NULL,
  PRIMARY KEY (`id`)
) ENGINE=InnoDB AUTO_INCREMENT=34 DEFAULT CHARSET=utf8mb4 COLLATE=utf8mb4_general_ci;
/*!40101 SET character_set_client = @saved_cs_client */;

--
-- Dumping data for table `insumos`
--

LOCK TABLES `insumos` WRITE;
/*!40000 ALTER TABLE `insumos` DISABLE KEYS */;
INSERT INTO `insumos` VALUES (5,'CONO','aaa',1),(6,'Blend de PVC','',0),(7,'Buje Comercial 30CM','Buje de Carton 77x310x360Grms',0),(8,'Buje Comercial 38CM','Buje de Carton 77x390x450Grms',0),(9,'Buje Comercial 45CM','Buje de Carton 77x460x530Grms',0),(10,'Buje Repuesto 30CM','Buje de Carton 50x320x200Grms',0),(11,'Buje Repuesto 38CM','Buje de Carton 50x400x250Grms',0),(12,'Buje Repuesto 45CM','Buje de Carton 50x470x300Grms',0),(13,'Bolsa ResiFilm 38 ECO','',0),(14,'Bolsa ResiFilm 38 PRO','',0),(15,'Bolsa ResiFilm 38 MAX','',0),(16,'Caja ResiFIlm 30x500','Caja ResiFilm 130x130x330',0),(17,'Caja ResiFIlm 38x500','Caja ResiFilm 130x130x410',0),(18,'Caja ResiFIlm 45x500','Caja ResiFilm 130x130x480',0),(19,'Caja ResiFIlm 30x1000','Caja ResiFilm 150x150x330',0),(20,'Caja ResiFIlm 38x1000','Caja ResiFilm 150x150x410',0),(21,'Caja ResiFIlm 45x1000','Caja ResiFilm 150x150x480',0),(22,'Caja Repuesto 38 ECO','Caja Repuesto 38 ECO 340x145x410',0),(23,'Caja Repuesto 38 PRO','Caja Repuesto 38 PRO 340x145x410',0),(24,'Caja Repuesto 38 MAX','Caja Repuesto 38 MAX 320*160*410',0),(25,'Caja Generico 30CM','Caja Generico 140x140x330',0),(26,'Caja Generico 38CM','Caja Generico 140x140x410',0),(27,'Caja Generico 45CM','Caja Generico 140x140x480',0),(28,'Caja ResiFilm Granel 30CM','',0),(29,'Caja ResiFilm Granel 38CM','',0),(30,'Caja ResiFilm Granel 45CM','',0),(31,'Buje Master Roll 30CM','Buje Master Roll 77x320x1KG',0),(32,'Buje Master Roll 38CM','Buje Master Roll 77x400x1,3KG',0),(33,'Buje Master Roll 45CM','Buje Master Roll 77x470x1.5KG',0);
/*!40000 ALTER TABLE `insumos` ENABLE KEYS */;
UNLOCK TABLES;

--
-- Table structure for table `producto_asociado`
--

DROP TABLE IF EXISTS `producto_asociado`;
/*!40101 SET @saved_cs_client     = @@character_set_client */;
/*!50503 SET character_set_client = utf8mb4 */;
CREATE TABLE `producto_asociado` (
  `id` int NOT NULL,
  `idproducto` int NOT NULL,
  `cantidad` int NOT NULL,
  `baja` int NOT NULL
) ENGINE=InnoDB DEFAULT CHARSET=utf8mb4 COLLATE=utf8mb4_general_ci;
/*!40101 SET character_set_client = @saved_cs_client */;

--
-- Dumping data for table `producto_asociado`
--

LOCK TABLES `producto_asociado` WRITE;
/*!40000 ALTER TABLE `producto_asociado` DISABLE KEYS */;
INSERT INTO `producto_asociado` VALUES (5,35,1,1),(11,30,10,0),(23,30,1,0),(14,30,10,0),(11,31,8,0),(15,31,8,0),(24,31,1,0),(11,29,10,0),(13,29,10,0),(22,29,1,0),(12,32,6,0),(30,32,1,0),(11,33,6,0),(29,33,1,0),(7,34,6,1),(10,34,6,0),(28,34,1,0),(9,23,1,0),(18,23,1,0),(6,23,3,1),(9,17,3,1),(9,17,1,0),(21,17,1,0),(8,24,1,0),(17,24,1,0),(8,18,1,0),(20,18,1,0),(7,25,1,0),(16,25,1,0),(7,19,1,0),(19,19,1,0),(33,15,1,0),(32,14,1,0),(31,16,1,0),(9,20,1,0),(27,20,1,0),(27,26,1,0),(9,26,1,0),(8,21,1,0),(26,21,1,0),(26,27,1,0),(8,27,1,0),(7,22,1,0),(25,22,1,0),(25,28,1,0),(7,28,1,0);
/*!40000 ALTER TABLE `producto_asociado` ENABLE KEYS */;
UNLOCK TABLES;

--
-- Table structure for table `productos`
--

DROP TABLE IF EXISTS `productos`;
/*!40101 SET @saved_cs_client     = @@character_set_client */;
/*!50503 SET character_set_client = utf8mb4 */;
CREATE TABLE `productos` (
  `id` int NOT NULL AUTO_INCREMENT,
  `sku` int NOT NULL,
  `nombre` text COLLATE utf8mb4_general_ci NOT NULL,
  `alto` float NOT NULL,
  `ancho` float NOT NULL,
  `peso` float NOT NULL,
  `descripcion` text COLLATE utf8mb4_general_ci NOT NULL,
  `precio` float NOT NULL,
  `asociados` varchar(20) COLLATE utf8mb4_general_ci NOT NULL,
  `baja` int NOT NULL,
  PRIMARY KEY (`id`),
  UNIQUE KEY `sku` (`sku`)
) ENGINE=InnoDB AUTO_INCREMENT=36 DEFAULT CHARSET=utf8mb4 COLLATE=utf8mb4_general_ci;
/*!40101 SET character_set_client = @saved_cs_client */;

--
-- Dumping data for table `productos`
--

LOCK TABLES `productos` WRITE;
/*!40000 ALTER TABLE `productos` DISABLE KEYS */;
INSERT INTO `productos` VALUES (13,55555,'JARAMILLO',87988,789,1000,'asdfasdfasdf',0,'0',0),(14,384000,'Master Roll 38x4000mts',4000,380,17.24,'',0,'0',0),(15,454000,'Master Roll 45x4000mts',4000,45,20.42,'',0,'0',0),(16,304000,'Master Roll 30x4000mts',4000,30,13.61,'',0,'0',0),(17,451000,'ResiFilm 45x1000mts',451000,45,5.12,'',0,'0',0),(18,381000,'ResiFilm 38x1000mts',1000,38,4.32,'',0,'0',0),(19,301000,'ResiFilm 30x1000mts',1000,30,3.41,'',0,'0',0),(20,45800,'Generico 45x800mts',800,45,4.09,'',0,'0',0),(21,38800,'Generico 38x800mts',800,38,3.46,'',0,'0',0),(22,30800,'Generico 30x800mts',800,30,2.73,'',0,'0',0),(23,45500,'ResiFilm 45x500mts',500,45,2.56,'',0,'0',0),(24,38500,'ResiFilm 38x500mts',500,38,2.16,'',0,'0',0),(25,30500,'ResiFilm 30x500mts',500,30,1.71,'',0,'0',0),(26,45400,'Generico 45x400mts',400,45,2.05,'',0,'0',0),(27,38400,'Generico 38x400mts',400,38,1.73,'',0,'0',0),(28,30400,'Generico 30x400mts',400,30,1.36,'',0,'0',0),(29,3860,'ResiFilm Repuesto ECO x 10 Unid.',60,38,2.59,'',0,'0',0),(30,3890,'ResiFilm Repuesto PRO x 10 Unid.',90,38,3.89,'',0,'0',0),(31,38180,'ResiFilm Repuesto MAX x 8 Unid.',180,38,6.22,'',0,'0',0),(32,455006,'ResiFilm Granel 45x500*6 Unid.',500,45,15.35,'',0,'0',0),(33,385006,'ResiFilm Granel 38x500*6 Unid.',500,38,12.96,'',0,'0',0),(34,305006,'ResiFilm Granel 30x500*6 Unid.',500,30,10.23,'',0,'0',0),(35,3010,'Ultra Film Hogar x 50 Unid.',10,30,1.71,'',0,'0',0);
/*!40000 ALTER TABLE `productos` ENABLE KEYS */;
UNLOCK TABLES;

--
-- Table structure for table `proveedores`
--

DROP TABLE IF EXISTS `proveedores`;
/*!40101 SET @saved_cs_client     = @@character_set_client */;
/*!50503 SET character_set_client = utf8mb4 */;
CREATE TABLE `proveedores` (
  `id` int NOT NULL AUTO_INCREMENT,
  `razonsocial` varchar(80) COLLATE utf8mb4_general_ci NOT NULL,
  `baja` int NOT NULL,
  PRIMARY KEY (`id`)
) ENGINE=InnoDB AUTO_INCREMENT=7 DEFAULT CHARSET=utf8mb4 COLLATE=utf8mb4_general_ci;
/*!40101 SET character_set_client = @saved_cs_client */;

--
-- Dumping data for table `proveedores`
--

LOCK TABLES `proveedores` WRITE;
/*!40000 ALTER TABLE `proveedores` DISABLE KEYS */;
INSERT INTO `proveedores` VALUES (6,'PROVEEDOR PRUEBA',1);
/*!40000 ALTER TABLE `proveedores` ENABLE KEYS */;
UNLOCK TABLES;

--
-- Table structure for table `stock`
--

DROP TABLE IF EXISTS `stock`;
/*!40101 SET @saved_cs_client     = @@character_set_client */;
/*!50503 SET character_set_client = utf8mb4 */;
CREATE TABLE `stock` (
  `id` int NOT NULL AUTO_INCREMENT,
  `idproducto` int NOT NULL,
  `cantidad` int NOT NULL,
  `tipomovimiento` int NOT NULL,
  `idtarea` int NOT NULL,
  `fecha` date NOT NULL,
  `baja` int NOT NULL,
  PRIMARY KEY (`id`)
) ENGINE=InnoDB AUTO_INCREMENT=232 DEFAULT CHARSET=utf8mb4 COLLATE=utf8mb4_general_ci;
/*!40101 SET character_set_client = @saved_cs_client */;

--
-- Dumping data for table `stock`
--

LOCK TABLES `stock` WRITE;
/*!40000 ALTER TABLE `stock` DISABLE KEYS */;
INSERT INTO `stock` VALUES (1,24,1490,1,0,'2023-10-12',0),(2,23,140,1,0,'2023-10-12',0),(3,11,16800,1,0,'2023-10-12',0),(4,12,1152,1,0,'2023-10-12',0),(5,10,1620,1,0,'2023-10-12',0),(6,10,1620,1,0,'2023-10-12',0),(7,10,1620,1,0,'2023-10-12',0),(8,10,1620,1,0,'2023-10-12',0),(9,10,1620,1,0,'2023-10-12',0),(10,10,1620,1,0,'2023-10-12',0),(11,10,1620,1,0,'2023-10-12',0),(12,10,1620,1,0,'2023-10-12',0),(13,10,1620,1,0,'2023-10-12',0),(14,10,1620,1,0,'2023-10-12',0),(15,10,1620,1,0,'2023-10-12',0),(16,10,-17820,1,0,'2023-10-12',0),(17,10,1620,1,0,'2023-10-12',0),(18,9,4200,1,0,'2023-10-12',0),(19,8,9750,1,0,'2023-10-12',0),(20,7,6000,1,0,'2023-10-12',0),(21,29,-92,98,5,'2023-10-12',0),(22,28,425,1,0,'2023-10-12',0),(23,29,225,1,0,'2023-10-12',0),(24,30,300,1,0,'2023-10-12',0),(25,13,640,1,0,'2023-10-12',0),(26,25,2400,1,0,'2023-10-12',0),(27,27,2398,1,0,'2023-10-12',0),(28,18,300,1,0,'2023-10-12',0),(29,17,1525,1,0,'2023-10-12',0),(30,16,1600,1,0,'2023-10-12',0),(31,21,2250,1,0,'2023-10-12',0),(32,8,468,1,0,'2023-10-12',0),(33,7,59,1,0,'2023-10-12',0),(34,9,300,1,0,'2023-10-12',0),(35,27,224,99,5,'2023-10-12',0),(36,26,-224,98,5,'2023-10-12',0),(37,8,-224,98,5,'2023-10-12',0),(38,26,-168,98,2,'2023-10-12',0),(39,20,-126,98,2,'2023-10-12',0),(40,24,-224,98,5,'2023-10-13',0),(41,24,224,99,5,'2023-10-13',0),(42,8,-224,98,5,'2023-10-13',0),(43,17,-224,98,5,'2023-10-13',0),(44,24,-224,98,5,'2023-10-13',0),(45,24,-224,98,5,'2023-10-13',0),(46,27,224,99,5,'2023-10-13',0),(47,26,-224,98,5,'2023-10-13',0),(48,8,-224,98,5,'2023-10-13',0),(49,17,126,99,5,'2023-10-13',0),(50,9,-126,98,5,'2023-10-13',0),(51,21,-126,98,5,'2023-10-13',0),(52,27,224,99,5,'2023-10-13',0),(53,26,-224,98,5,'2023-10-13',0),(54,8,-224,98,5,'2023-10-13',0),(55,27,224,99,5,'2023-10-14',0),(56,26,-224,98,5,'2023-10-14',0),(57,8,-224,98,5,'2023-10-14',0),(58,21,168,99,5,'2023-10-14',0),(59,8,-168,98,5,'2023-10-14',0),(60,26,-168,98,5,'2023-10-14',0),(61,26,1232,1,0,'2023-10-17',0),(62,26,320,1,0,'2023-10-17',0),(63,20,126,1,0,'2023-10-17',0),(64,26,3433,1,0,'2023-10-17',0),(65,24,224,99,3,'2023-10-18',0),(66,8,-224,98,3,'2023-10-18',0),(67,17,-224,98,3,'2023-10-18',0),(68,23,168,99,3,'2023-10-18',0),(69,9,-168,98,3,'2023-10-18',0),(70,18,-168,98,3,'2023-10-18',0),(71,24,224,99,3,'2023-10-18',0),(72,8,-224,98,3,'2023-10-18',0),(73,17,-224,98,3,'2023-10-18',0),(74,23,168,99,5,'2023-10-18',0),(75,9,-168,98,5,'2023-10-18',0),(76,18,-168,98,5,'2023-10-18',0),(77,17,126,99,3,'2023-10-19',0),(78,9,-126,98,3,'2023-10-19',0),(79,21,-126,98,3,'2023-10-19',0),(80,26,168,99,5,'2023-10-19',0),(81,27,-168,98,5,'2023-10-19',0),(82,9,-168,98,5,'2023-10-19',0),(83,31,-8,98,2,'2023-10-19',0),(84,26,168,99,5,'2023-10-19',0),(85,27,-168,98,5,'2023-10-19',0),(86,9,-168,98,5,'2023-10-19',0),(87,27,224,99,6,'2023-10-19',0),(88,26,-224,98,6,'2023-10-19',0),(89,8,-224,98,6,'2023-10-19',0),(90,26,168,99,5,'2023-10-19',0),(91,27,-168,98,5,'2023-10-19',0),(92,9,-168,98,5,'2023-10-19',0),(93,18,97,99,5,'2023-10-19',0),(94,8,-97,98,5,'2023-10-19',0),(95,20,-97,98,5,'2023-10-19',0),(96,24,224,99,5,'2023-10-20',0),(97,8,-224,98,5,'2023-10-20',0),(98,17,-224,98,5,'2023-10-20',0),(99,17,-126,98,5,'2023-10-20',0),(100,23,-168,98,5,'2023-10-20',0),(101,27,-224,98,5,'2023-10-20',0),(102,27,-224,98,5,'2023-10-20',0),(103,26,-168,98,5,'2023-10-20',0),(104,24,-224,98,5,'2023-10-20',0),(105,23,-168,98,5,'2023-10-20',0),(106,24,-224,98,1,'2023-10-20',0),(107,18,-97,98,5,'2023-10-20',0),(108,24,-224,98,1,'2023-10-20',0),(109,18,-168,98,3,'2023-10-20',0),(110,24,224,99,5,'2023-10-20',0),(111,8,-224,98,5,'2023-10-20',0),(112,17,-224,98,5,'2023-10-20',0),(113,27,224,99,6,'2023-10-20',0),(114,26,-224,98,6,'2023-10-20',0),(115,8,-224,98,6,'2023-10-20',0),(116,27,224,99,6,'2023-10-21',0),(117,26,-224,98,6,'2023-10-21',0),(118,8,-224,98,6,'2023-10-21',0),(119,20,126,99,5,'2023-10-21',0),(120,9,-126,98,5,'2023-10-21',0),(121,27,-126,98,5,'2023-10-21',0),(122,17,126,99,5,'2023-10-23',0),(123,9,-126,98,5,'2023-10-23',0),(124,21,-126,98,5,'2023-10-23',0),(125,31,84,99,3,'2023-10-23',0),(126,11,-672,98,3,'2023-10-23',0),(127,15,-672,98,3,'2023-10-23',0),(128,24,-84,98,3,'2023-10-23',0),(129,15,21910,1,0,'2023-10-23',0),(130,13,10000,1,0,'2023-10-23',0),(131,27,224,99,6,'2023-10-23',0),(132,26,-224,98,6,'2023-10-23',0),(133,8,-224,98,6,'2023-10-23',0),(134,24,-224,98,3,'2023-10-23',0),(135,24,-224,98,3,'2023-10-23',0),(136,23,-168,98,3,'2023-10-23',0),(137,17,-126,98,3,'2023-10-23',0),(138,27,224,99,6,'2023-10-24',0),(139,26,-224,98,6,'2023-10-24',0),(140,8,-224,98,6,'2023-10-24',0),(141,28,224,99,5,'2023-10-24',0),(142,25,-224,98,5,'2023-10-24',0),(143,7,-224,98,5,'2023-10-24',0),(144,27,-224,98,5,'2023-10-24',0),(145,27,-224,98,5,'2023-10-24',0),(146,26,-168,98,5,'2023-10-24',0),(147,26,-168,98,5,'2023-10-24',0),(148,21,-168,98,5,'2023-10-24',0),(149,20,-126,98,5,'2023-10-24',0),(150,27,224,99,6,'2023-10-25',0),(151,26,-224,98,6,'2023-10-25',0),(152,8,-224,98,6,'2023-10-25',0),(153,27,224,99,6,'2023-10-25',0),(154,26,-224,98,6,'2023-10-25',0),(155,8,-224,98,6,'2023-10-25',0),(156,27,224,99,6,'2023-10-25',0),(157,26,-224,98,6,'2023-10-25',0),(158,8,-224,98,6,'2023-10-25',0),(159,8,10500,1,0,'2023-10-25',0),(160,9,5998,1,0,'2023-10-25',0),(161,31,84,99,3,'2023-10-26',0),(162,11,-672,98,3,'2023-10-26',0),(163,15,-672,98,3,'2023-10-26',0),(164,24,-84,98,3,'2023-10-26',0),(165,26,168,99,6,'2023-10-26',0),(166,27,-168,98,6,'2023-10-26',0),(167,9,-168,98,6,'2023-10-26',0),(168,31,-84,98,3,'2023-10-26',0),(169,31,-84,98,3,'2023-10-26',0),(170,26,168,99,6,'2023-10-26',0),(171,27,-168,98,6,'2023-10-26',0),(172,9,-168,98,6,'2023-10-26',0),(173,26,168,99,6,'2023-10-26',0),(174,27,-168,98,6,'2023-10-26',0),(175,9,-168,98,6,'2023-10-26',0),(176,26,168,99,6,'2023-10-27',0),(177,27,-168,98,6,'2023-10-27',0),(178,9,-168,98,6,'2023-10-27',0),(179,26,168,99,6,'2023-10-27',0),(180,27,-168,98,6,'2023-10-27',0),(181,9,-168,98,6,'2023-10-27',0),(182,27,-224,98,6,'2023-10-27',0),(183,27,-224,98,6,'2023-10-27',0),(184,27,-224,98,6,'2023-10-27',0),(185,27,-224,98,6,'2023-10-27',0),(186,27,-224,98,6,'2023-10-27',0),(187,27,-224,98,6,'2023-10-27',0),(188,11,16896,1,0,'2023-10-27',0),(189,27,-224,98,6,'2023-10-27',0),(190,27,-224,98,6,'2023-10-27',0),(191,26,-168,98,6,'2023-10-27',0),(192,26,-168,98,6,'2023-10-27',0),(193,26,168,99,6,'2023-10-27',0),(194,27,-168,98,6,'2023-10-27',0),(195,9,-168,98,6,'2023-10-27',0),(196,26,168,99,6,'2023-10-27',0),(197,27,-168,98,6,'2023-10-27',0),(198,9,-168,98,6,'2023-10-27',0),(199,27,224,99,7,'2023-10-28',0),(200,26,-224,98,7,'2023-10-28',0),(201,8,-224,98,7,'2023-10-28',0),(202,17,126,99,7,'2023-10-30',0),(203,9,-126,98,7,'2023-10-30',0),(204,21,-126,98,7,'2023-10-30',0),(205,17,126,99,7,'2023-10-30',0),(206,9,-126,98,7,'2023-10-30',0),(207,21,-126,98,7,'2023-10-30',0),(208,27,-816,1,0,'2023-10-30',0),(209,23,28,1,0,'2023-10-30',0),(210,20,97,1,0,'2023-10-30',0),(211,18,744,1,0,'2023-10-30',0),(212,29,92,99,11,'2023-10-30',0),(213,11,-920,98,11,'2023-10-30',0),(214,13,-920,98,11,'2023-10-30',0),(215,22,-92,98,11,'2023-10-30',0),(216,27,224,99,7,'2023-10-30',0),(217,26,-224,98,7,'2023-10-30',0),(218,8,-224,98,7,'2023-10-30',0),(219,30,92,99,7,'2023-10-30',0),(220,11,-920,98,7,'2023-10-30',0),(221,23,-92,98,7,'2023-10-30',0),(222,14,-920,98,7,'2023-10-30',0),(223,27,224,99,7,'2023-10-31',0),(224,26,-224,98,7,'2023-10-31',0),(225,8,-224,98,7,'2023-10-31',0),(226,17,126,99,7,'2023-10-31',0),(227,9,-126,98,7,'2023-10-31',0),(228,21,-126,98,7,'2023-10-31',0),(229,27,224,99,7,'2023-10-31',0),(230,26,-224,98,7,'2023-10-31',0),(231,8,-224,98,7,'2023-10-31',0);
/*!40000 ALTER TABLE `stock` ENABLE KEYS */;
UNLOCK TABLES;

--
-- Table structure for table `tareas`
--

DROP TABLE IF EXISTS `tareas`;
/*!40101 SET @saved_cs_client     = @@character_set_client */;
/*!50503 SET character_set_client = utf8mb4 */;
CREATE TABLE `tareas` (
  `id` bigint unsigned NOT NULL AUTO_INCREMENT,
  `ordenadopor` int NOT NULL,
  `acumplirpor` int NOT NULL,
  `fechadecreacion` datetime NOT NULL,
  `fechadecumplimiento` datetime NOT NULL,
  `estado` int NOT NULL,
  UNIQUE KEY `id` (`id`)
) ENGINE=InnoDB AUTO_INCREMENT=13 DEFAULT CHARSET=utf8mb4 COLLATE=utf8mb4_general_ci;
/*!40101 SET character_set_client = @saved_cs_client */;

--
-- Dumping data for table `tareas`
--

LOCK TABLES `tareas` WRITE;
/*!40000 ALTER TABLE `tareas` DISABLE KEYS */;
INSERT INTO `tareas` VALUES (1,0,0,'2023-09-19 13:32:47','2023-09-19 13:32:47',0),(2,0,0,'2023-09-19 13:32:53','2023-09-19 13:32:53',0),(3,0,0,'2023-09-25 16:12:33','2023-09-25 16:12:33',1),(5,0,0,'2023-10-06 13:32:59','2023-10-06 13:32:59',1),(6,0,0,'2023-10-18 18:03:36','2023-10-18 18:03:36',1),(7,0,0,'2023-10-18 18:18:56','2023-10-18 18:18:56',1),(8,0,0,'2023-10-18 18:23:28','2023-10-18 18:23:28',1),(9,0,0,'2023-10-18 18:30:39','2023-10-18 18:30:39',1),(10,0,0,'2023-10-27 16:29:38','2023-10-27 16:29:38',1),(11,0,0,'2023-10-27 18:49:49','2023-10-27 18:49:49',1),(12,0,0,'2023-10-27 18:55:01','2023-10-27 18:55:01',1);
/*!40000 ALTER TABLE `tareas` ENABLE KEYS */;
UNLOCK TABLES;

--
-- Table structure for table `tareas_detalles`
--

DROP TABLE IF EXISTS `tareas_detalles`;
/*!40101 SET @saved_cs_client     = @@character_set_client */;
/*!50503 SET character_set_client = utf8mb4 */;
CREATE TABLE `tareas_detalles` (
  `id` int NOT NULL AUTO_INCREMENT,
  `idtarea` int NOT NULL,
  `producto` int NOT NULL,
  `cantidad` int NOT NULL,
  `estado` int NOT NULL,
  `fechadecreacion` datetime NOT NULL,
  `fechadecumplimiento` datetime NOT NULL,
  `idoperario` int NOT NULL,
  `kilogramoscumplidos` float NOT NULL,
  `idcliente` int NOT NULL,
  `estacionado` int NOT NULL,
  `terminado` int NOT NULL,
  `facturado` int NOT NULL,
  `entregado` int NOT NULL,
  `produccion` int NOT NULL,
  PRIMARY KEY (`id`)
) ENGINE=InnoDB AUTO_INCREMENT=300 DEFAULT CHARSET=utf8mb4 COLLATE=utf8mb4_general_ci;
/*!40101 SET character_set_client = @saved_cs_client */;

--
-- Dumping data for table `tareas_detalles`
--

LOCK TABLES `tareas_detalles` WRITE;
/*!40000 ALTER TABLE `tareas_detalles` DISABLE KEYS */;
INSERT INTO `tareas_detalles` VALUES (1,1,14,10,-1,'2023-09-19 15:21:54','2023-09-19 15:26:40',1,0,2,1,0,0,0,0),(2,1,22,111,-1,'2023-09-19 15:26:21','2023-09-19 15:26:43',1,0,4,1,1,0,0,0),(3,2,17,126,1,'2023-09-19 16:14:33','2023-10-13 00:55:47',1,0,1,1,1,1,1,1),(4,2,18,168,1,'2023-09-19 16:14:41','2023-10-13 00:55:59',1,0,1,1,1,1,1,1),(5,2,19,168,1,'2023-09-19 16:14:48','2023-10-13 00:56:11',1,0,1,1,1,1,1,1),(6,2,17,126,1,'2023-09-19 16:15:01','2023-09-19 16:15:01',1,0,2,0,0,0,0,0),(7,2,17,126,1,'2023-09-19 16:15:02','2023-09-19 16:15:02',1,0,2,0,0,0,0,0),(8,2,17,126,1,'2023-09-19 16:15:04','2023-09-19 16:15:04',1,0,2,0,0,0,0,0),(9,2,17,126,1,'2023-09-19 16:15:12','2023-09-19 16:15:12',1,0,2,0,0,0,0,0),(10,2,17,126,1,'2023-09-19 16:15:17','2023-09-19 16:15:17',1,0,2,0,0,0,0,0),(11,2,18,168,1,'2023-09-19 16:15:35','2023-09-21 03:02:54',1,0,2,1,0,0,0,0),(12,2,18,168,1,'2023-09-19 16:15:38','2023-09-19 16:15:38',1,0,2,0,0,0,0,0),(13,2,18,168,1,'2023-09-19 16:15:39','2023-09-19 16:15:39',1,0,2,0,0,0,0,0),(14,2,18,168,1,'2023-09-19 16:15:40','2023-09-19 16:15:40',1,0,2,0,0,0,0,0),(15,2,18,168,1,'2023-09-19 16:15:41','2023-09-19 16:15:41',1,0,2,0,0,0,0,0),(16,2,18,168,1,'2023-09-19 16:15:44','2023-09-19 16:15:44',1,0,2,0,0,0,0,0),(17,2,19,168,1,'2023-09-19 16:15:51','2023-10-06 18:00:26',1,0,2,0,0,0,0,0),(18,2,17,126,1,'2023-09-19 16:16:43','2023-10-02 22:15:35',1,0,3,1,1,1,1,1),(19,2,18,168,1,'2023-09-19 16:16:49','2023-10-02 22:15:38',1,0,3,1,1,1,1,0),(20,2,19,168,1,'2023-09-19 16:16:55','2023-10-02 22:15:39',1,0,3,1,1,1,1,0),(21,2,23,168,1,'2023-09-19 16:17:13','2023-10-02 17:32:03',1,0,3,1,1,1,1,1),(22,2,23,168,1,'2023-09-19 16:17:20','2023-10-02 17:32:06',1,0,3,1,1,1,1,1),(23,2,24,224,1,'2023-09-19 16:17:38','2023-10-02 17:32:21',1,0,3,1,1,1,1,0),(24,2,24,224,1,'2023-09-19 16:17:42','2023-10-02 17:04:59',1,0,3,1,1,1,1,0),(25,2,25,224,1,'2023-09-19 16:17:50','2023-10-02 17:05:03',1,0,3,1,1,1,1,0),(26,2,30,92,1,'2023-09-19 16:18:00','2023-10-02 16:58:34',1,0,3,1,1,1,1,1),(27,2,24,50,1,'2023-09-19 16:18:31','2023-09-30 12:33:43',1,0,4,1,1,1,1,1),(28,2,25,10,1,'2023-09-19 16:18:39','2023-09-30 12:33:53',1,0,4,1,1,1,1,1),(29,2,24,224,1,'2023-09-19 16:19:17','2023-10-12 12:01:27',1,0,5,1,1,1,1,1),(30,2,23,168,1,'2023-09-19 16:19:24','2023-10-12 12:01:29',1,0,5,1,1,1,1,1),(31,2,17,126,1,'2023-09-19 16:19:35','2023-10-12 12:01:30',1,0,5,1,1,1,1,1),(32,2,24,10,1,'2023-09-19 16:19:52','2023-10-19 12:44:40',1,0,6,1,1,1,1,1),(33,2,23,10,1,'2023-09-19 16:19:59','2023-10-19 12:44:48',1,0,6,1,1,1,1,1),(34,2,17,10,1,'2023-09-19 16:20:07','2023-10-19 12:44:58',1,0,6,1,1,1,1,1),(35,2,31,8,1,'2023-09-19 16:20:17','2023-10-19 12:45:34',1,0,6,0,1,1,1,1),(36,2,14,54,1,'2023-09-19 16:20:36','2023-10-12 22:40:00',1,0,7,0,0,0,0,1),(37,2,28,224,1,'2023-09-19 16:20:58','2023-10-09 13:02:58',1,0,8,1,1,1,0,0),(38,2,27,224,1,'2023-09-19 16:21:09','2023-09-29 16:14:26',1,0,8,0,1,1,1,0),(39,2,26,168,1,'2023-09-19 16:21:16','2023-10-12 22:41:20',1,0,8,1,1,1,1,0),(40,2,21,168,1,'2023-09-19 16:21:23','2023-09-29 16:14:43',1,0,8,1,1,1,1,0),(41,2,21,168,1,'2023-09-19 16:21:25','2023-09-29 16:14:45',1,0,8,1,1,1,1,0),(42,2,20,126,1,'2023-09-19 16:21:37','2023-10-12 22:41:50',1,0,8,1,1,1,1,1),(43,1,16,54,1,'2023-09-19 16:27:01','2023-09-23 23:12:20',1,0,9,1,0,1,0,1),(44,1,16,54,1,'2023-09-19 16:27:02','2023-09-23 23:12:21',1,0,9,1,0,1,0,1),(45,1,14,54,1,'2023-09-19 16:27:09','2023-09-23 23:12:23',1,0,9,1,0,1,0,1),(46,1,14,54,1,'2023-09-19 16:27:18','2023-10-05 22:22:18',1,0,8,1,0,0,0,1),(47,1,19,168,-1,'2023-09-19 16:27:44','2023-09-19 17:32:50',1,0,11,1,1,0,0,0),(48,1,19,168,1,'2023-09-19 16:27:50','2023-09-27 03:05:20',1,0,11,1,1,1,1,1),(49,1,21,84,1,'2023-09-19 16:28:01','2023-09-26 14:59:28',1,0,11,1,1,1,1,1),(50,1,18,168,1,'2023-09-19 16:28:15','2023-09-26 14:59:31',1,0,11,1,1,1,1,1),(51,1,21,168,1,'2023-09-19 16:28:29','2023-09-27 03:23:57',1,0,11,1,1,1,1,1),(52,1,21,168,1,'2023-09-19 16:28:31','2023-09-26 14:59:38',1,0,11,1,1,1,1,1),(53,1,22,84,1,'2023-09-19 16:28:38','2023-09-26 14:59:40',1,0,11,1,1,1,1,1),(54,1,20,63,1,'2023-09-19 16:28:50','2023-09-27 03:26:50',1,0,11,1,1,1,1,1),(55,2,18,168,-1,'2023-09-19 16:30:52','2023-09-19 16:30:52',1,0,13,0,0,0,0,0),(56,2,27,224,-1,'2023-09-19 16:31:14','2023-09-19 16:31:14',1,0,13,0,0,0,0,0),(57,2,27,224,-1,'2023-09-19 16:31:17','2023-09-19 16:31:17',1,0,13,0,0,0,0,0),(58,2,17,126,-1,'2023-09-19 16:31:27','2023-09-19 16:31:27',1,0,13,0,0,0,0,0),(59,2,26,168,-1,'2023-09-19 16:31:37','2023-09-19 16:31:37',1,0,13,0,0,0,0,0),(60,2,29,92,-1,'2023-09-19 16:31:50','2023-09-19 16:31:50',1,0,13,0,0,0,0,0),(61,2,23,168,-1,'2023-09-19 16:32:12','2023-09-19 16:32:12',1,0,14,0,0,0,0,0),(62,2,24,224,-1,'2023-09-19 16:32:31','2023-09-19 16:32:31',1,0,14,0,0,0,0,0),(63,2,24,113,-1,'2023-09-19 16:32:38','2023-09-19 16:32:38',1,0,14,0,0,0,0,0),(64,2,30,50,-1,'2023-09-19 16:32:51','2023-09-19 16:32:51',1,0,14,0,0,0,0,0),(65,1,18,168,1,'2023-09-19 16:35:52','2023-09-29 16:39:58',1,0,13,1,1,1,1,1),(66,1,28,224,-1,'2023-09-19 16:36:00','2023-09-19 16:36:00',1,0,13,0,0,0,0,0),(67,1,27,224,1,'2023-09-19 16:36:05','2023-09-29 16:39:56',1,0,13,1,1,1,1,1),(68,1,17,126,1,'2023-09-19 16:36:14','2023-10-07 14:10:32',1,0,13,1,1,1,1,1),(69,1,26,168,1,'2023-09-19 16:36:24','2023-10-07 14:10:40',1,0,13,1,1,1,1,1),(70,1,29,92,1,'2023-09-19 16:36:31','2023-09-29 16:39:52',1,0,13,1,1,1,1,1),(71,1,23,168,1,'2023-09-19 16:36:53','2023-10-04 00:47:28',1,0,14,1,1,1,1,1),(72,1,24,224,1,'2023-09-19 16:37:01','2023-10-20 16:04:05',1,482.63,14,1,1,1,1,1),(73,1,24,113,1,'2023-09-19 16:37:03','2023-10-04 00:47:36',1,0,14,1,1,1,1,1),(74,1,30,50,1,'2023-09-19 16:37:11','2023-10-04 00:47:42',1,0,14,1,1,1,1,1),(75,1,27,224,1,'2023-09-19 16:37:34','2023-09-29 15:39:25',1,0,15,1,1,1,1,1),(76,1,19,84,1,'2023-09-19 18:01:56','2023-09-27 03:40:34',1,0,11,1,1,1,1,1),(77,1,27,224,1,'2023-09-19 18:16:33','2023-09-29 16:39:46',1,0,13,1,1,1,1,1),(78,1,18,84,-1,'2023-09-19 18:20:17','2023-09-19 18:20:17',1,0,11,0,0,0,0,0),(79,3,29,92,1,'2023-09-25 16:15:52','2023-10-10 13:17:42',1,0,16,1,1,1,1,1),(80,3,29,92,1,'2023-09-25 16:15:53','2023-10-10 13:17:45',1,0,16,1,1,1,1,1),(81,3,29,92,1,'2023-09-25 16:15:54','2023-10-10 13:17:48',1,0,16,1,1,1,1,1),(82,3,31,84,1,'2023-09-25 16:16:17','2023-10-10 13:17:54',1,0,16,1,1,1,1,1),(83,3,31,84,1,'2023-09-25 16:16:18','2023-10-26 14:04:08',1,0,16,0,1,1,1,1),(84,3,31,84,1,'2023-09-25 16:16:19','2023-10-26 14:04:09',1,0,16,0,1,1,1,1),(85,3,24,224,1,'2023-09-25 16:16:38','2023-10-23 23:53:19',1,0,16,0,1,1,1,1),(86,3,24,224,1,'2023-09-25 16:16:40','2023-10-23 23:53:21',1,483,16,0,1,1,1,1),(87,3,23,168,1,'2023-09-25 16:16:50','2023-10-23 23:53:24',1,321,16,0,1,1,1,1),(88,3,17,126,1,'2023-09-25 16:17:06','2023-10-23 23:53:26',1,643,16,1,1,1,1,1),(89,3,27,100,1,'2023-09-25 16:17:24','2023-10-18 02:51:11',1,0,9,1,1,1,1,1),(90,3,16,38,1,'2023-09-25 16:17:41','2023-10-18 02:49:38',1,0,18,1,1,1,1,1),(91,3,30,92,1,'2023-09-25 16:18:06','2023-09-29 13:05:13',1,0,17,1,1,1,1,1),(92,3,30,92,1,'2023-09-25 16:18:07','2023-09-29 13:05:18',1,0,17,1,1,1,1,1),(93,3,30,92,1,'2023-09-25 16:18:08','2023-09-29 13:05:36',1,0,17,1,1,1,1,1),(94,3,30,92,1,'2023-09-25 16:18:11','2023-10-18 02:51:01',1,0,17,1,1,1,1,1),(95,3,33,80,1,'2023-09-25 16:18:47','2023-10-18 02:50:52',1,0,17,1,1,1,1,1),(96,3,33,80,1,'2023-09-25 16:18:48','2023-10-18 02:50:45',1,0,17,1,1,1,1,1),(97,3,33,80,1,'2023-09-25 16:18:50','2023-10-12 13:23:08',1,0,17,1,1,1,1,1),(98,3,18,168,1,'2023-09-25 16:19:12','2023-10-20 18:30:22',1,0,17,1,0,1,1,1),(99,3,17,126,1,'2023-09-25 16:19:29','2023-10-12 13:23:36',1,0,17,1,1,1,1,1),(100,3,17,126,1,'2023-09-25 16:19:30','2023-10-12 13:23:42',1,0,17,1,1,1,1,1),(101,3,17,126,1,'2023-09-25 16:19:32','2023-10-12 13:37:14',1,0,17,1,1,1,1,1),(102,3,30,15,1,'2023-09-25 16:20:34','2023-10-12 13:37:14',1,0,19,0,1,1,1,1),(103,3,31,10,1,'2023-09-25 16:20:41','2023-10-12 13:37:14',1,0,19,0,1,1,1,1),(104,3,18,30,1,'2023-09-25 16:20:49','2023-10-12 13:37:14',1,0,19,1,1,1,1,1),(105,3,17,35,1,'2023-09-25 16:20:56','2023-10-12 13:37:14',1,0,19,1,1,1,1,1),(107,5,29,92,1,'2023-10-06 13:34:41','2023-10-18 02:43:05',2,0,10,1,1,1,1,1),(108,5,27,224,1,'2023-10-06 13:35:08','2023-10-24 15:10:39',1,0,8,1,1,1,1,1),(109,5,27,224,1,'2023-10-06 13:35:24','2023-10-24 15:10:42',1,0,8,0,1,1,1,1),(110,5,26,168,1,'2023-10-06 13:35:36','2023-10-24 15:10:45',1,343,8,0,1,1,1,1),(111,5,26,168,1,'2023-10-06 13:35:40','2023-10-24 15:10:48',1,343,8,0,1,1,1,1),(112,5,21,168,1,'2023-10-06 13:36:00','2023-10-24 15:10:50',1,0,8,1,1,1,1,1),(113,5,20,126,1,'2023-10-06 13:36:14','2023-10-24 15:10:52',1,0,8,1,1,1,1,1),(114,5,14,54,1,'2023-10-06 13:41:21','2023-10-12 22:07:04',1,0,21,0,0,0,0,1),(115,5,14,54,1,'2023-10-06 13:41:23','2023-10-12 22:06:58',1,0,21,0,0,0,0,1),(116,5,14,54,1,'2023-10-06 13:41:26','2023-10-12 22:06:52',1,0,21,0,0,0,0,1),(117,5,28,224,1,'2023-10-06 13:41:43','2023-10-24 15:10:13',1,0,21,0,1,0,0,1),(118,5,27,224,1,'2023-10-06 13:41:57','2023-10-20 18:19:23',1,0,21,0,1,1,1,1),(119,5,27,224,1,'2023-10-06 13:41:59','2023-10-20 18:19:34',1,0,21,0,1,1,1,1),(120,5,26,168,1,'2023-10-06 13:42:08','2023-10-20 18:19:43',1,0,21,0,1,1,1,1),(121,5,24,224,1,'2023-10-06 13:43:01','2023-10-20 18:19:56',1,483,21,0,1,1,1,1),(122,5,24,224,1,'2023-10-06 13:43:10','2023-10-20 19:12:11',1,0,21,0,1,0,0,1),(123,5,23,168,1,'2023-10-06 13:43:32','2023-10-20 18:20:14',1,0,21,0,1,1,1,1),(124,5,18,168,1,'2023-10-06 13:43:41','2023-10-20 21:27:05',1,0,21,1,0,0,0,1),(125,5,17,126,1,'2023-10-06 13:43:53','2023-10-23 14:30:17',1,0,21,1,1,0,0,1),(126,5,24,224,1,'2023-10-06 13:44:30','2023-10-18 02:47:16',1,0,22,0,1,1,1,1),(127,5,23,168,1,'2023-10-06 13:44:40','2023-10-20 13:52:11',1,0,22,1,1,1,1,1),(128,5,19,168,1,'2023-10-06 13:44:57','2023-10-18 02:48:26',1,0,22,1,1,1,1,1),(129,5,19,168,1,'2023-10-06 13:44:59','2023-10-06 18:41:21',1,0,22,1,0,0,0,1),(130,5,18,168,1,'2023-10-06 13:45:08','2023-10-24 15:41:24',1,0,22,1,0,0,0,1),(131,5,18,168,1,'2023-10-06 13:45:17','2023-10-21 05:08:54',1,0,22,1,0,0,0,1),(132,5,17,126,1,'2023-10-06 13:45:27','2023-10-20 13:52:23',1,0,22,0,1,1,1,1),(133,6,27,224,1,'2023-10-18 18:17:04','2023-10-27 12:07:52',1,0,23,0,1,1,1,1),(134,6,27,224,1,'2023-10-18 18:17:07','2023-10-27 12:07:52',1,0,23,0,1,1,1,1),(135,6,27,224,1,'2023-10-18 18:17:09','2023-10-27 12:07:52',1,0,23,0,1,1,1,1),(136,6,27,224,1,'2023-10-18 18:17:11','2023-10-27 12:07:55',1,386,23,0,1,1,1,1),(137,6,27,224,1,'2023-10-18 18:17:14','2023-10-27 12:07:59',1,0,23,0,1,1,1,1),(138,6,27,224,1,'2023-10-18 18:17:21','2023-10-27 12:08:00',1,0,23,0,1,1,1,1),(139,6,27,224,1,'2023-10-18 18:17:24','2023-10-27 12:15:02',1,0,23,0,1,1,1,1),(140,6,27,224,1,'2023-10-18 18:17:26','2023-10-27 12:15:04',1,0,23,0,1,1,1,1),(141,6,26,168,1,'2023-10-18 18:17:42','2023-10-27 12:15:39',1,0,23,0,1,1,1,1),(142,6,26,168,1,'2023-10-18 18:17:49','2023-10-27 12:15:40',1,0,23,0,1,1,1,1),(143,6,26,168,1,'2023-10-18 18:17:51','2023-10-26 22:46:09',1,343,23,0,1,1,0,1),(144,6,26,168,1,'2023-10-18 18:17:55','2023-10-27 02:28:21',1,0,23,0,1,1,0,1),(145,6,26,168,1,'2023-10-18 18:17:56','2023-10-27 12:14:21',1,0,23,0,1,1,0,1),(146,6,26,168,1,'2023-10-18 18:17:58','2023-10-27 12:23:43',1,0,23,0,1,1,0,1),(147,6,26,168,1,'2023-10-18 18:17:59','2023-10-27 16:56:07',1,0,23,0,1,1,0,1),(148,6,19,168,1,'2023-10-18 18:18:12','2023-10-24 12:43:21',1,0,23,1,0,0,0,1),(149,6,18,168,1,'2023-10-18 18:18:18','2023-10-27 12:13:41',1,0,23,1,0,1,0,1),(150,6,18,168,1,'2023-10-18 18:18:19','2023-10-27 12:13:44',1,0,23,1,0,1,0,1),(151,6,18,168,1,'2023-10-18 18:18:20','2023-10-27 12:13:46',1,0,23,1,0,1,0,1),(152,7,27,224,1,'2023-10-18 18:19:19','2023-10-28 01:28:21',1,0,23,0,1,0,0,1),(153,7,27,224,1,'2023-10-18 18:19:21','2023-10-31 03:48:38',1,386,23,0,1,0,0,1),(154,7,27,224,1,'2023-10-18 18:19:22','2023-10-31 08:58:01',1,0,23,0,1,0,0,1),(155,7,27,224,1,'2023-10-18 18:19:24','2023-10-18 18:19:24',1,0,23,0,0,0,0,1),(156,7,27,224,1,'2023-10-18 18:19:27','2023-10-18 18:19:27',1,0,23,0,0,0,0,1),(157,7,27,224,1,'2023-10-18 18:19:28','2023-10-18 18:19:28',1,0,23,0,0,0,0,1),(158,7,26,168,1,'2023-10-18 18:19:39','2023-10-18 18:19:39',1,0,23,0,0,0,0,1),(159,7,26,168,1,'2023-10-18 18:19:43','2023-10-18 18:19:43',1,0,23,0,0,0,0,1),(160,7,26,168,1,'2023-10-18 18:19:46','2023-10-18 18:19:46',1,0,23,0,0,0,0,1),(161,7,30,92,1,'2023-10-18 18:20:01','2023-10-30 19:48:37',1,356.8,23,0,1,0,0,1),(162,7,30,92,1,'2023-10-18 18:20:03','2023-10-18 18:20:03',2,0,23,0,0,0,0,1),(163,7,30,92,1,'2023-10-18 18:20:06','2023-10-18 18:20:06',2,0,23,0,0,0,0,1),(164,7,30,92,1,'2023-10-18 18:20:07','2023-10-18 18:20:07',2,0,23,0,0,0,0,1),(165,7,30,92,1,'2023-10-18 18:20:09','2023-10-18 18:20:09',2,0,23,0,0,0,0,1),(166,7,30,92,1,'2023-10-18 18:20:11','2023-10-18 18:20:11',2,0,23,0,0,0,0,1),(167,7,30,92,1,'2023-10-18 18:20:13','2023-10-18 18:20:13',2,0,23,0,0,0,0,1),(168,7,30,92,1,'2023-10-18 18:20:16','2023-10-18 18:20:16',2,0,23,0,0,0,0,1),(169,7,30,92,1,'2023-10-18 18:20:18','2023-10-18 18:20:18',2,0,23,0,0,0,0,1),(170,7,30,92,1,'2023-10-18 18:20:20','2023-10-18 18:20:20',2,0,23,0,0,0,0,1),(171,7,18,168,1,'2023-10-18 18:21:22','2023-10-18 18:21:22',1,0,24,0,0,0,0,1),(172,7,27,224,1,'2023-10-18 18:21:43','2023-10-18 18:21:43',1,0,24,0,0,0,0,1),(173,7,26,168,1,'2023-10-18 18:21:52','2023-10-18 18:21:52',1,0,24,0,0,0,0,1),(174,7,21,168,1,'2023-10-18 18:22:30','2023-10-18 18:22:30',1,0,24,0,0,0,0,1),(175,7,20,126,1,'2023-10-18 18:22:45','2023-10-18 18:22:45',1,0,24,0,0,0,0,1),(176,7,31,84,1,'2023-10-18 18:23:02','2023-10-18 18:23:02',2,0,24,0,0,0,0,1),(177,8,31,84,1,'2023-10-18 18:24:01','2023-10-18 18:24:01',2,0,22,0,0,0,0,0),(178,8,31,84,1,'2023-10-18 18:24:02','2023-10-18 18:24:02',2,0,22,0,0,0,0,0),(179,8,24,224,1,'2023-10-18 18:24:28','2023-10-18 18:24:28',1,0,22,0,0,0,0,0),(180,8,23,168,1,'2023-10-18 18:24:42','2023-10-18 18:24:42',1,0,22,0,0,0,0,0),(181,8,19,168,1,'2023-10-18 18:24:50','2023-10-18 18:24:50',1,0,22,0,0,0,0,0),(182,8,18,168,1,'2023-10-18 18:25:06','2023-10-18 18:25:06',1,0,22,0,0,0,0,0),(183,8,18,168,1,'2023-10-18 18:25:08','2023-10-18 18:25:08',1,0,22,0,0,0,0,0),(184,8,17,126,1,'2023-10-18 18:25:19','2023-10-18 18:25:19',1,0,22,0,0,0,0,0),(185,8,17,126,1,'2023-10-18 18:25:23','2023-10-18 18:25:23',1,0,22,0,0,0,0,0),(186,8,17,126,-1,'2023-10-18 18:25:44','2023-10-18 18:25:44',1,0,6,0,0,0,0,0),(187,8,17,126,1,'2023-10-18 18:25:58','2023-10-18 18:25:58',1,0,7,0,0,0,0,0),(188,8,18,168,1,'2023-10-18 18:26:07','2023-10-18 18:26:07',1,0,7,0,0,0,0,0),(189,8,18,168,1,'2023-10-18 18:26:25','2023-10-18 18:26:25',1,0,25,0,0,0,0,0),(190,8,18,168,1,'2023-10-18 18:26:29','2023-10-18 18:26:29',1,0,25,0,0,0,0,0),(191,8,17,126,1,'2023-10-18 18:26:40','2023-10-18 18:26:40',1,0,25,0,0,0,0,0),(192,8,30,92,1,'2023-10-18 18:27:18','2023-10-18 18:27:18',2,0,15,0,0,0,0,0),(193,8,31,42,1,'2023-10-18 18:28:05','2023-10-18 18:28:05',2,0,15,0,0,0,0,0),(194,8,21,84,1,'2023-10-18 18:29:22','2023-10-18 18:29:22',1,0,15,0,0,0,0,0),(195,8,20,63,1,'2023-10-18 18:29:34','2023-10-18 18:29:34',1,0,15,0,0,0,0,0),(196,8,24,112,1,'2023-10-18 18:29:49','2023-10-18 18:29:49',1,0,15,0,0,0,0,0),(197,8,23,84,1,'2023-10-18 18:30:01','2023-10-18 18:30:01',1,0,15,0,0,0,0,0),(198,8,18,168,1,'2023-10-18 18:30:15','2023-10-18 18:30:15',1,0,15,0,0,0,0,0),(199,8,17,126,1,'2023-10-18 18:30:22','2023-10-18 18:30:22',1,0,15,0,0,0,0,0),(200,9,30,92,1,'2023-10-18 18:30:58','2023-10-18 18:30:58',2,0,26,0,0,0,0,0),(201,9,30,92,1,'2023-10-18 18:31:00','2023-10-18 18:31:00',2,0,26,0,0,0,0,0),(202,9,30,92,1,'2023-10-18 18:31:01','2023-10-18 18:31:01',2,0,26,0,0,0,0,0),(203,9,24,224,1,'2023-10-18 18:31:16','2023-10-18 18:31:16',1,0,26,0,0,0,0,0),(204,9,24,224,1,'2023-10-18 18:31:17','2023-10-18 18:31:17',1,0,26,0,0,0,0,0),(205,9,23,168,1,'2023-10-18 18:31:28','2023-10-18 18:31:28',1,0,26,0,0,0,0,0),(206,9,18,168,1,'2023-10-18 18:31:41','2023-10-18 18:31:41',1,0,26,0,0,0,0,0),(207,9,18,168,1,'2023-10-18 18:31:42','2023-10-18 18:31:42',1,0,26,0,0,0,0,0),(208,9,17,126,1,'2023-10-18 18:31:52','2023-10-18 18:31:52',1,0,26,0,0,0,0,0),(209,9,19,168,1,'2023-10-18 18:32:31','2023-10-18 18:32:31',1,0,3,0,0,0,0,0),(210,9,18,168,1,'2023-10-18 18:32:37','2023-10-18 18:32:37',1,0,3,0,0,0,0,0),(211,9,17,126,1,'2023-10-18 18:32:45','2023-10-18 18:32:45',1,0,3,0,0,0,0,0),(212,9,25,224,1,'2023-10-18 18:33:03','2023-10-18 18:33:03',1,0,3,0,0,0,0,0),(213,9,24,224,1,'2023-10-18 18:33:09','2023-10-18 18:33:09',1,0,3,0,0,0,0,0),(214,9,24,224,1,'2023-10-18 18:33:11','2023-10-18 18:33:11',1,0,3,0,0,0,0,0),(215,9,23,168,1,'2023-10-18 18:33:31','2023-10-18 18:33:31',1,0,3,0,0,0,0,0),(216,9,23,168,1,'2023-10-18 18:33:33','2023-10-18 18:33:33',1,0,3,0,0,0,0,0),(217,9,30,92,1,'2023-10-18 18:33:44','2023-10-18 18:33:44',2,0,3,0,0,0,0,0),(218,5,18,97,1,'2023-10-19 22:03:59','2023-10-20 16:34:57',1,0,22,0,1,1,1,1),(219,9,16,54,1,'2023-10-20 18:31:52','2023-10-20 18:31:52',1,0,9,0,0,0,0,0),(220,9,16,54,1,'2023-10-20 18:31:55','2023-10-20 18:31:55',1,0,9,0,0,0,0,0),(221,9,14,54,1,'2023-10-20 18:31:59','2023-10-20 18:31:59',1,0,9,0,0,0,0,0),(222,9,14,54,1,'2023-10-20 18:32:26','2023-10-20 18:32:26',1,0,7,0,0,0,0,0),(223,10,19,168,1,'2023-10-27 18:41:46','2023-10-27 18:41:46',1,0,22,0,0,0,0,0),(224,10,19,168,1,'2023-10-27 18:41:48','2023-10-27 18:41:48',1,0,22,0,0,0,0,0),(225,10,19,168,1,'2023-10-27 18:41:52','2023-10-27 18:41:52',1,0,22,0,0,0,0,0),(226,10,18,168,1,'2023-10-27 18:42:01','2023-10-27 18:42:01',1,0,22,0,0,0,0,0),(227,10,18,168,1,'2023-10-27 18:42:02','2023-10-27 18:42:02',1,0,22,0,0,0,0,0),(228,10,18,168,1,'2023-10-27 18:42:04','2023-10-27 18:42:04',1,0,22,0,0,0,0,0),(229,10,17,126,1,'2023-10-27 18:42:14','2023-10-27 18:42:14',1,0,22,0,0,0,0,0),(230,10,17,126,1,'2023-10-27 18:42:15','2023-10-27 18:42:15',1,0,22,0,0,0,0,0),(231,10,24,224,1,'2023-10-27 18:42:28','2023-10-27 18:42:28',1,0,22,0,0,0,0,0),(232,10,24,224,1,'2023-10-27 18:42:29','2023-10-27 18:42:29',1,0,22,0,0,0,0,0),(233,10,23,224,1,'2023-10-27 18:42:35','2023-10-27 18:42:35',1,0,22,0,0,0,0,0),(234,10,23,168,1,'2023-10-27 18:42:38','2023-10-27 18:42:38',1,0,22,0,0,0,0,0),(235,10,18,168,1,'2023-10-27 18:45:23','2023-10-27 18:45:23',1,0,13,0,0,0,0,0),(236,10,18,168,1,'2023-10-27 18:45:24','2023-10-27 18:45:24',1,0,13,0,0,0,0,0),(237,10,18,168,1,'2023-10-27 18:45:25','2023-10-27 18:45:25',1,0,13,0,0,0,0,0),(238,10,18,168,1,'2023-10-27 18:45:26','2023-10-27 18:45:26',1,0,13,0,0,0,0,0),(239,10,28,224,1,'2023-10-27 18:45:42','2023-10-27 18:45:42',1,0,13,0,0,0,0,0),(240,10,27,224,1,'2023-10-27 18:45:48','2023-10-27 18:45:48',1,0,13,0,0,0,0,0),(241,10,27,224,1,'2023-10-27 18:45:49','2023-10-27 18:45:49',1,0,13,0,0,0,0,0),(242,10,29,92,1,'2023-10-27 18:46:00','2023-10-27 18:46:00',1,0,13,0,0,0,0,0),(243,10,21,168,1,'2023-10-27 18:49:38','2023-10-27 18:49:38',1,0,27,0,0,0,0,0),(244,11,28,224,1,'2023-10-27 18:50:16','2023-10-27 18:50:16',1,0,21,0,0,0,0,0),(245,11,27,224,1,'2023-10-27 18:50:20','2023-10-27 18:50:20',1,0,21,0,0,0,0,0),(246,11,27,224,1,'2023-10-27 18:50:22','2023-10-27 18:50:22',1,0,21,0,0,0,0,0),(247,11,26,168,1,'2023-10-27 18:50:30','2023-10-27 18:50:30',1,0,21,0,0,0,0,0),(248,11,24,224,1,'2023-10-27 18:50:43','2023-10-27 18:50:43',1,0,21,0,0,0,0,0),(249,11,24,224,1,'2023-10-27 18:50:44','2023-10-27 18:50:44',1,0,21,0,0,0,0,0),(250,11,23,168,1,'2023-10-27 18:50:52','2023-10-27 18:50:52',1,0,21,0,0,0,0,0),(251,11,18,168,1,'2023-10-27 18:51:00','2023-10-27 18:51:00',1,0,21,0,0,0,0,0),(252,11,17,126,1,'2023-10-27 18:51:11','2023-10-27 18:51:11',1,0,21,0,0,0,0,0),(253,11,14,54,1,'2023-10-27 18:51:31','2023-10-27 18:51:31',1,0,21,0,0,0,0,0),(254,11,14,54,1,'2023-10-27 18:51:32','2023-10-27 18:51:32',1,0,21,0,0,0,0,0),(255,11,14,54,1,'2023-10-27 18:51:33','2023-10-27 18:51:33',1,0,21,0,0,0,0,0),(256,11,21,168,1,'2023-10-27 18:52:08','2023-10-27 18:52:08',1,0,29,0,0,0,0,0),(257,11,17,30,1,'2023-10-27 18:52:28','2023-10-27 18:52:28',1,0,28,0,0,0,0,0),(258,11,24,224,1,'2023-10-27 18:53:57','2023-10-27 18:53:57',1,0,10,0,0,0,0,0),(259,11,29,92,1,'2023-10-27 18:54:17','2023-10-30 18:40:06',2,0,10,0,1,0,0,1),(260,11,31,42,1,'2023-10-27 18:54:28','2023-10-27 18:54:28',2,0,10,0,0,0,0,0),(261,12,17,126,1,'2023-10-27 18:56:28','2023-10-27 18:56:28',1,0,31,0,0,0,0,0),(262,12,28,224,1,'2023-10-27 18:56:40','2023-10-27 18:56:40',1,0,31,0,0,0,0,0),(263,12,27,224,1,'2023-10-27 18:56:47','2023-10-27 18:56:47',1,0,31,0,0,0,0,0),(264,12,26,168,1,'2023-10-27 18:56:56','2023-10-27 18:56:56',1,0,31,0,0,0,0,0),(265,12,14,54,1,'2023-10-27 18:57:06','2023-10-27 18:57:06',1,0,31,0,0,0,0,0),(266,12,14,54,1,'2023-10-27 18:57:07','2023-10-27 18:57:07',1,0,31,0,0,0,0,0),(267,12,14,54,1,'2023-10-27 18:57:08','2023-10-27 18:57:08',1,0,31,0,0,0,0,0),(268,12,24,15,1,'2023-10-27 18:57:41','2023-10-27 18:57:41',1,0,6,0,0,0,0,0),(269,12,23,15,1,'2023-10-27 18:57:48','2023-10-27 18:57:48',1,0,6,0,0,0,0,0),(270,12,31,5,1,'2023-10-27 18:58:00','2023-10-27 18:58:00',2,0,6,0,0,0,0,0),(271,12,27,224,1,'2023-10-27 18:58:48','2023-10-27 18:58:48',1,0,22,0,0,0,0,0),(272,12,27,224,1,'2023-10-27 18:58:50','2023-10-27 18:58:50',1,0,22,0,0,0,0,0),(273,12,27,224,1,'2023-10-27 18:58:52','2023-10-27 18:58:52',1,0,22,0,0,0,0,0),(274,12,27,224,1,'2023-10-27 18:58:56','2023-10-27 18:58:56',1,0,22,0,0,0,0,0),(275,12,27,224,1,'2023-10-27 18:58:59','2023-10-27 18:58:59',1,0,22,0,0,0,0,0),(276,12,27,224,1,'2023-10-27 18:59:02','2023-10-27 18:59:02',1,0,22,0,0,0,0,0),(277,12,27,224,1,'2023-10-27 18:59:04','2023-10-27 18:59:04',1,0,22,0,0,0,0,0),(278,12,27,224,1,'2023-10-27 18:59:07','2023-10-27 18:59:07',1,0,22,0,0,0,0,0),(279,12,29,92,1,'2023-10-27 19:01:09','2023-10-27 19:01:09',2,0,22,0,0,0,0,0),(280,12,29,92,1,'2023-10-27 19:01:10','2023-10-27 19:01:10',2,0,22,0,0,0,0,0),(281,12,29,92,1,'2023-10-27 19:01:12','2023-10-27 19:01:12',2,0,22,0,0,0,0,0),(282,12,29,92,1,'2023-10-27 19:01:14','2023-10-27 19:01:14',2,0,22,0,0,0,0,0),(283,12,29,92,1,'2023-10-27 19:01:16','2023-10-27 19:01:16',2,0,22,0,0,0,0,0),(284,12,29,92,1,'2023-10-27 19:01:18','2023-10-27 19:01:18',2,0,22,0,0,0,0,0),(285,12,31,84,1,'2023-10-27 19:01:26','2023-10-27 19:01:26',2,0,22,0,0,0,0,0),(286,12,31,84,1,'2023-10-27 19:01:27','2023-10-27 19:01:27',2,0,22,0,0,0,0,0),(287,12,31,84,1,'2023-10-27 19:01:29','2023-10-27 19:01:29',2,0,22,0,0,0,0,0),(288,7,19,168,1,'2023-10-27 19:02:31','2023-10-27 19:06:40',1,0,2,0,0,1,0,1),(289,7,18,168,1,'2023-10-27 19:02:39','2023-10-27 19:06:43',1,0,2,0,0,1,0,1),(290,7,18,168,1,'2023-10-27 19:02:41','2023-10-27 19:06:46',1,0,2,0,0,1,0,1),(291,7,18,168,1,'2023-10-27 19:02:42','2023-10-27 19:06:52',1,0,2,0,0,1,0,1),(292,7,18,168,1,'2023-10-27 19:02:43','2023-10-27 19:06:53',1,0,2,0,0,1,0,1),(293,7,18,168,1,'2023-10-27 19:02:45','2023-10-27 19:06:55',1,0,2,0,0,1,0,1),(294,7,18,168,1,'2023-10-27 19:02:46','2023-10-27 19:02:46',1,0,2,0,0,0,0,1),(295,7,17,126,1,'2023-10-27 19:03:03','2023-10-30 10:57:52',1,0,2,1,1,0,0,1),(296,7,17,126,1,'2023-10-27 19:03:05','2023-10-30 11:44:01',1,0,2,1,1,0,0,1),(297,7,17,126,1,'2023-10-27 19:03:06','2023-10-31 07:33:19',1,0,2,1,1,0,0,1),(298,7,17,126,1,'2023-10-27 19:03:07','2023-10-27 19:03:07',1,0,2,0,0,0,0,1),(299,7,17,126,1,'2023-10-27 19:03:08','2023-10-27 19:03:08',1,0,2,0,0,0,0,1);
/*!40000 ALTER TABLE `tareas_detalles` ENABLE KEYS */;
UNLOCK TABLES;

--
-- Table structure for table `tipomovimiento`
--

DROP TABLE IF EXISTS `tipomovimiento`;
/*!40101 SET @saved_cs_client     = @@character_set_client */;
/*!50503 SET character_set_client = utf8mb4 */;
CREATE TABLE `tipomovimiento` (
  `id` int NOT NULL AUTO_INCREMENT,
  `nombre` text COLLATE utf8mb4_general_ci NOT NULL,
  PRIMARY KEY (`id`)
) ENGINE=InnoDB AUTO_INCREMENT=6 DEFAULT CHARSET=utf8mb4 COLLATE=utf8mb4_general_ci;
/*!40101 SET character_set_client = @saved_cs_client */;

--
-- Dumping data for table `tipomovimiento`
--

LOCK TABLES `tipomovimiento` WRITE;
/*!40000 ALTER TABLE `tipomovimiento` DISABLE KEYS */;
INSERT INTO `tipomovimiento` VALUES (1,'EFECTIVO'),(2,'DEPOSITO'),(3,'E CHEQ'),(4,'CHEQUE FISICO'),(5,'TRANSFERENCIA');
/*!40000 ALTER TABLE `tipomovimiento` ENABLE KEYS */;
UNLOCK TABLES;

--
-- Table structure for table `usuarios`
--

DROP TABLE IF EXISTS `usuarios`;
/*!40101 SET @saved_cs_client     = @@character_set_client */;
/*!50503 SET character_set_client = utf8mb4 */;
CREATE TABLE `usuarios` (
  `id` int NOT NULL AUTO_INCREMENT,
  `nombre` text COLLATE utf8mb4_general_ci NOT NULL,
  `apellido` text COLLATE utf8mb4_general_ci NOT NULL,
  `usuario` int NOT NULL,
  `password` text COLLATE utf8mb4_general_ci NOT NULL,
  `baja` int NOT NULL,
  `grupo` int NOT NULL,
  `permisos` text COLLATE utf8mb4_general_ci NOT NULL,
  PRIMARY KEY (`id`)
) ENGINE=InnoDB AUTO_INCREMENT=6 DEFAULT CHARSET=utf8mb4 COLLATE=utf8mb4_general_ci;
/*!40101 SET character_set_client = @saved_cs_client */;

--
-- Dumping data for table `usuarios`
--

LOCK TABLES `usuarios` WRITE;
/*!40000 ALTER TABLE `usuarios` DISABLE KEYS */;
INSERT INTO `usuarios` VALUES (1,'TURNO','35960322',35960322,'35960322',0,1,'1,2,3,4'),(2,'TURNO','LOGISTICAS',45997360,'45997360',0,1,'1'),(3,'TURNO','PRODUCCION',38521066,'38521066',0,1,'2'),(4,'TURNO','PRODUCCION',40663310,'40663310',0,2,'2'),(5,'TURNO','EXPEDICION',22265570,'22265570',0,1,'3');
/*!40000 ALTER TABLE `usuarios` ENABLE KEYS */;
UNLOCK TABLES;
/*!40103 SET TIME_ZONE=@OLD_TIME_ZONE */;

/*!40101 SET SQL_MODE=@OLD_SQL_MODE */;
/*!40014 SET FOREIGN_KEY_CHECKS=@OLD_FOREIGN_KEY_CHECKS */;
/*!40014 SET UNIQUE_CHECKS=@OLD_UNIQUE_CHECKS */;
/*!40101 SET CHARACTER_SET_CLIENT=@OLD_CHARACTER_SET_CLIENT */;
/*!40101 SET CHARACTER_SET_RESULTS=@OLD_CHARACTER_SET_RESULTS */;
/*!40101 SET COLLATION_CONNECTION=@OLD_COLLATION_CONNECTION */;
/*!40111 SET SQL_NOTES=@OLD_SQL_NOTES */;

-- Dump completed on 2023-10-31 13:57:27
